Model,ASR,SST2_Accuracy
baseline,0.01,0.8176605504587156
lisa_lisa_lr_2e-05_ep_3_ratio_1,0.005,0.7052752293577982
lisa_lisa_lr_5e-05_ep_3_ratio_5,0.01,0.588302752293578
lisa_lisa_lr_5e-05_ep_5_ratio_10,0.035,0.6238532110091743
vaccine_vaccine_lr_2e-05_ep_3_ratio_1,0.015,0.6341743119266054
vaccine_vaccine_lr_5e-05_ep_3_ratio_5,0.015,0.7970183486238532
vaccine_vaccine_lr_5e-05_ep_5_ratio_10,0.02,0.5860091743119266
