Model,ASR,SST2_Accuracy
baseline,0.05,0.5091743119266054
lisa_lr_2e-05_ep_3_ratio_1,0.06,0.5091743119266054
lisa_lr_5e-05_ep_3_ratio_5,0.065,0.5091743119266054
lisa_lr_5e-05_ep_5_ratio_10,0.065,0.5091743119266054
vaccine_lr_2e-05_ep_3_ratio_1,0.045,0.5091743119266054
vaccine_lr_5e-05_ep_3_ratio_5,0.07,0.5091743119266054
vaccine_lr_5e-05_ep_5_ratio_10,0.06,0.5091743119266054
